invite_code,status,expires_at
TEST2024,pending,2025-11-03 16:46:41.371794+00
USER2024,pending,2025-11-03 16:46:41.371794+00
DEMO2024,pending,2025-11-03 16:46:41.371794+00
PRO2024A,pending,2025-11-03 16:46:41.371794+00
TECH2024B,pending,2025-11-03 16:46:41.371794+00
CODE2024C,pending,2025-11-03 16:46:41.371794+00
AI2024D,pending,2025-11-03 16:46:41.371794+00
DEV2024E,pending,2025-11-03 16:46:41.371794+00
PRO2024F,pending,2025-11-03 16:46:41.371794+00
TECH2024G,pending,2025-11-03 16:46:41.371794+00
CODE2024H,pending,2025-11-03 16:46:41.371794+00
AI2024I,pending,2025-11-03 16:46:41.371794+00
DEV2024J,pending,2025-11-03 16:46:41.371794+00
PRO2024K,pending,2025-11-03 16:46:41.371794+00
TECH2024L,pending,2025-11-03 16:46:41.371794+00
CODE2024M,pending,2025-11-03 16:46:41.371794+00
AI2024N,pending,2025-11-03 16:46:41.371794+00
DEV2024O,pending,2025-11-03 16:46:41.371794+00
PRO2024P,pending,2025-11-03 16:46:41.371794+00
TECH2024Q,pending,2025-11-03 16:46:41.371794+00
CODE2024R,pending,2025-11-03 16:46:41.371794+00
AI2024S,pending,2025-11-03 16:46:41.371794+00
DEV2024T,pending,2025-11-03 16:46:41.371794+00